,,5993859
8,I00089,1819
4,I00113,2075
1,I00169,1879
8,I00156,2062
7,I00032,2164
10,I00145,1747
6,I00259,1853
12,I00087,1732
3,I00211,1887
3,I00256,1828
3,I00061,1940
7,I00173,1987
6,I00194,1823
11,I00002,1702
8,I00147,2006
3,I00247,2000
12,I00062,2107
8,I00057,2060
12,I00235,2064
7,I00012,1762
11,I00179,1829
8,I00017,1835
10,I00048,1788
12,I00127,1884
4,I00063,2105
11,I00163,1915
8,I00125,2125
2,I00246,1643
5,I00073,1733
10,I00031,1745
11,I00226,1850
8,I00237,1973
4,I00093,1902
3,I00039,2217
11,I00225,2021
7,I00068,2082
1,I00062,2037
1,I00132,2065
4,I00143,1647
8,I00214,1865
7,I00020,1821
6,I00075,1746
1,I00186,1821
9,I00183,1853
7,I00247,1968
11,I00016,1760
10,I00192,1647
11,I00109,1990
11,I00199,1942
4,I00240,1868
11,I00038,1678
1,I00081,1875
11,I00026,1807
8,I00179,1769
5,I00260,2007
3,I00006,2051
2,I00054,1895
2,I00245,1768
7,I00184,1882
3,I00261,1904
12,I00005,1885
2,I00125,1707
1,I00136,1980
4,I00112,1974
2,I00153,1674
1,I00120,2104
6,I00251,1938
8,I00252,1992
1,I00146,1834
3,I00029,1980
11,I00207,1821
9,I00262,1667
8,I00112,2177
7,I00104,1998
2,I00047,1795
6,I00254,2030
12,I00007,1802
9,I00163,2002
3,I00046,1981
3,I00264,1831
3,I00067,1762
11,I00194,1973
1,I00133,2126
8,I00219,1821
4,I00029,2021
10,I00091,1813
11,I00260,1840
7,I00177,1885
4,I00070,1964
7,I00113,1893
6,I00106,1816
3,I00058,1716
2,I00170,1900
4,I00176,2049
12,I00131,2013
9,I00150,1993
1,I00199,2051
7,I00142,1723
10,I00177,1970
6,I00002,1788
6,I00120,1797
10,I00213,1746
12,I00230,2194
4,I00110,1799
12,I00110,2011
8,I00142,2057
1,I00048,2129
12,I00202,2019
1,I00039,1993
2,I00262,1607
10,I00243,1786
2,I00206,1643
9,I00009,1872
6,I00250,1987
4,I00215,1943
6,I00248,1838
9,I00259,1811
8,I00145,2167
3,I00076,1848
10,I00032,1707
4,I00223,1821
6,I00221,1715
10,I00237,2035
3,I00118,2046
7,I00165,1918
6,I00058,1876
8,I00254,1827
4,I00191,1927
1,I00221,1917
6,I00079,1908
5,I00217,2075
7,I00254,2108
12,I00023,1903
9,I00135,1660
7,I00102,2165
7,I00086,1852
4,I00222,2097
3,I00228,1848
5,I00096,1826
7,I00069,1780
2,I00043,1921
4,I00103,1895
2,I00120,1678
4,I00206,1911
7,I00129,2129
3,I00116,1688
9,I00133,1947
11,I00198,1783
11,I00106,1868
6,I00023,1745
2,I00078,2096
10,I00077,1946
12,I00088,1819
12,I00030,1963
3,I00147,1800
4,I00178,1866
9,I00264,1991
5,I00145,1866
2,I00103,1785
1,I00034,2020
12,I00010,1924
11,I00172,1823
3,I00168,2283
2,I00252,1853
2,I00075,1849
6,I00195,1876
6,I00093,1869
5,I00076,1978
10,I00232,2166
4,I00186,1797
2,I00067,1751
2,I00010,1853
11,I00044,1947
6,I00257,1801
7,I00099,1869
10,I00130,1669
10,I00013,1777
7,I00217,1905
7,I00087,1908
5,I00035,2194
9,I00159,1831
3,I00093,1580
9,I00224,1985
3,I00121,2118
10,I00200,1878
1,I00184,1911
12,I00125,2032
8,I00066,1954
6,I00185,1652
6,I00018,1857
1,I00259,1914
5,I00026,2028
5,I00216,1913
8,I00073,2036
7,I00058,1953
5,I00241,2093
6,I00214,1863
6,I00084,1711
12,I00084,1880
6,I00038,1968
7,I00062,2029
2,I00195,1605
12,I00190,2013
11,I00211,1742
5,I00258,1990
6,I00088,1852
8,I00210,1976
8,I00110,2052
3,I00111,1905
2,I00256,1669
12,I00174,1694
4,I00018,1973
6,I00085,1606
1,I00226,1818
3,I00220,1974
11,I00019,1919
4,I00100,1966
6,I00019,2013
2,I00173,1618
4,I00254,1967
6,I00067,1949
12,I00203,1800
6,I00121,1933
4,I00126,1909
6,I00186,1735
10,I00040,1789
4,I00262,2231
10,I00116,1727
5,I00080,1937
3,I00051,1848
4,I00153,1640
5,I00251,1761
8,I00024,1965
6,I00109,1840
1,I00181,1817
9,I00022,1892
4,I00076,2148
11,I00154,1900
11,I00242,1956
7,I00180,2158
11,I00201,1705
9,I00238,1768
1,I00037,2327
8,I00108,2085
9,I00152,2078
9,I00097,1660
8,I00173,2080
9,I00184,1946
5,I00160,1692
3,I00239,1796
10,I00056,2087
8,I00211,2062
7,I00263,2296
3,I00082,2085
1,I00074,1962
2,I00219,1910
6,I00037,1758
9,I00090,1846
3,I00164,1787
3,I00041,1875
3,I00110,1804
12,I00180,1816
4,I00089,2144
7,I00257,2031
4,I00173,1770
2,I00215,1709
2,I00061,1702
3,I00101,1952
6,I00049,1897
3,I00213,1885
9,I00253,1932
6,I00230,1809
5,I00244,1795
9,I00056,1832
12,I00113,1800
1,I00253,2016
12,I00098,1768
11,I00132,1737
12,I00093,1843
1,I00173,2081
2,I00200,1762
8,I00198,1827
8,I00079,1784
12,I00222,1902
7,I00076,1853
7,I00229,2187
1,I00097,1958
3,I00059,1895
8,I00217,1924
1,I00248,1852
2,I00009,1708
6,I00160,2011
7,I00248,1856
9,I00023,1818
4,I00220,1824
10,I00146,1763
5,I00034,1879
9,I00061,1687
5,I00140,1716
2,I00201,1701
3,I00167,1985
3,I00075,1912
12,I00095,1857
11,I00054,1726
10,I00092,2035
2,I00155,1829
5,I00240,1928
8,I00060,1945
4,I00219,1808
10,I00107,1956
9,I00212,1714
2,I00114,1814
10,I00104,1771
10,I00088,1986
9,I00033,1833
2,I00239,1826
8,I00006,1876
7,I00066,2045
5,I00232,2068
12,I00145,1969
8,I00081,1873
4,I00138,1795
5,I00211,1920
5,I00250,2081
11,I00042,1756
8,I00113,1977
7,I00108,1696
8,I00100,1929
5,I00104,2026
6,I00220,1730
7,I00238,1975
10,I00108,2001
3,I00148,1943
11,I00162,2046
3,I00065,2103
8,I00183,1671
9,I00209,1723
3,I00085,1962
1,I00176,1996
6,I00141,1750
5,I00165,2075
9,I00046,1967
12,I00122,1889
1,I00126,1930
10,I00045,1929
7,I00082,1899
12,I00024,1925
4,I00042,1936
2,I00244,1929
9,I00024,1974
1,I00009,2185
8,I00091,1923
8,I00177,2276
9,I00103,1715
6,I00139,2022
6,I00055,1654
11,I00011,1753
10,I00156,1857
7,I00075,1901
6,I00188,1585
1,I00100,1875
11,I00180,1802
9,I00234,1750
3,I00185,2066
10,I00216,1849
8,I00166,2095
7,I00188,2232
8,I00029,2029
2,I00231,1596
3,I00003,2059
2,I00093,1800
3,I00109,1921
12,I00074,2023
10,I00253,1995
8,I00102,1831
10,I00136,2029
1,I00069,1949
3,I00068,2057
3,I00030,1970
2,I00041,1798
12,I00232,1990
10,I00123,1930
9,I00257,1693
9,I00114,2008
4,I00131,1702
2,I00108,1724
9,I00226,1751
12,I00026,1936
7,I00256,1739
6,I00211,1775
5,I00248,1819
5,I00209,1833
3,I00107,1892
5,I00192,1819
9,I00171,1695
11,I00114,1560
5,I00132,1753
7,I00205,2034
7,I00005,2089
7,I00244,2101
5,I00170,2075
2,I00020,1650
7,I00237,2018
1,I00109,2145
6,I00193,1757
11,I00169,1822
5,I00058,1872
4,I00057,2118
5,I00173,1985
1,I00047,2035
11,I00096,1953
8,I00005,1888
1,I00154,2045
8,I00129,1846
5,I00002,1879
10,I00029,1705
1,I00124,2008
7,I00004,2096
6,I00045,1811
2,I00014,1919
1,I00225,1901
12,I00197,1941
1,I00240,1904
2,I00192,1718
6,I00218,1795
10,I00072,1699
3,I00182,1818
10,I00153,1687
1,I00164,1820
4,I00245,1947
1,I00108,2112
6,I00026,1761
8,I00197,1840
11,I00009,1848
10,I00055,2098
1,I00195,1852
5,I00017,1997
12,I00135,1897
5,I00024,2102
10,I00138,1929
7,I00109,1873
5,I00049,1756
2,I00165,1817
10,I00011,1806
7,I00236,1998
11,I00188,1982
12,I00119,2107
6,I00154,1644
9,I00263,2061
12,I00155,1907
5,I00046,1784
2,I00045,1823
12,I00152,1780
3,I00005,1735
10,I00047,1996
9,I00088,1951
9,I00173,1874
2,I00180,1539
3,I00205,2071
10,I00208,1937
5,I00032,1983
10,I00254,1838
9,I00208,1933
12,I00198,1746
2,I00197,1563
10,I00248,2014
10,I00188,2171
5,I00001,1769
10,I00241,1926
10,I00194,2127
10,I00061,1819
1,I00196,2005
9,I00111,1802
8,I00044,1890
3,I00201,1877
1,I00177,1911
9,I00020,1985
12,I00052,1777
9,I00131,1751
7,I00111,2050
9,I00038,1842
7,I00151,1905
4,I00121,1954
11,I00049,1956
6,I00041,1988
3,I00139,2180
9,I00051,1915
9,I00202,1842
1,I00233,1968
10,I00196,2005
1,I00238,2078
12,I00009,1858
9,I00002,2010
7,I00243,2212
7,I00017,1922
7,I00070,1840
9,I00005,1906
1,I00261,1908
5,I00234,2029
7,I00239,1948
1,I00249,2208
12,I00185,1961
4,I00049,1824
8,I00201,2041
1,I00073,2134
7,I00103,1845
12,I00147,1864
9,I00078,1778
4,I00139,1993
4,I00263,1753
12,I00046,1971
4,I00180,2044
2,I00017,1708
4,I00035,1868
4,I00177,1888
9,I00122,1906
8,I00140,2102
9,I00211,2067
4,I00009,1692
11,I00195,1812
12,I00220,1819
3,I00078,2091
12,I00177,1785
6,I00132,1653
10,I00247,2101
12,I00134,2056
3,I00021,2010
5,I00156,1864
10,I00076,2010
2,I00066,1779
3,I00117,2095
1,I00162,1968
2,I00248,1738
4,I00204,1882
5,I00019,2044
2,I00205,1695
6,I00225,1881
10,I00057,1846
8,I00085,1914
10,I00245,1917
6,I00051,1954
10,I00236,1722
6,I00008,2054
4,I00251,1846
5,I00152,1807
7,I00241,1876
11,I00244,1933
5,I00242,2021
1,I00031,1988
7,I00101,1876
8,I00231,1733
4,I00034,2253
11,I00153,1625
3,I00138,2156
12,I00018,2041
1,I00117,1983
1,I00135,2091
12,I00256,1860
3,I00254,1945
10,I00111,1791
6,I00202,1690
11,I00040,1943
10,I00050,1877
11,I00247,1906
7,I00233,1863
6,I00053,1937
11,I00217,1901
1,I00119,1855
6,I00124,1747
4,I00179,2045
7,I00182,1756
2,I00018,1767
8,I00086,1851
6,I00192,1801
9,I00153,1836
10,I00126,1750
5,I00055,2134
6,I00011,1763
10,I00120,1804
12,I00164,1952
6,I00006,1944
10,I00044,1987
3,I00136,2042
1,I00193,1841
4,I00114,1866
5,I00054,1803
10,I00009,1861
3,I00253,2171
8,I00218,1732
7,I00206,1980
2,I00008,1749
2,I00026,1763
5,I00168,1894
2,I00216,1893
1,I00255,2096
9,I00101,1782
8,I00248,2126
2,I00241,1743
3,I00145,2009
2,I00157,1628
3,I00187,1935
5,I00218,1902
9,I00201,1815
9,I00237,1794
5,I00208,1910
5,I00245,1836
8,I00082,2018
8,I00141,2034
1,I00088,1840
11,I00174,1750
10,I00158,1944
4,I00003,1880
6,I00165,1768
10,I00128,1765
2,I00191,1879
4,I00135,1757
6,I00136,1821
2,I00194,1781
8,I00186,1862
12,I00186,2127
10,I00176,1898
8,I00234,2056
6,I00112,1872
11,I00058,2162
11,I00013,1832
1,I00167,1702
6,I00207,1850
6,I00147,1775
1,I00242,1919
12,I00129,1959
4,I00227,1581
7,I00219,1875
1,I00010,1941
5,I00196,1787
4,I00232,1824
10,I00163,1895
4,I00047,2041
9,I00179,1832
2,I00050,1859
2,I00118,1890
1,I00168,1816
2,I00123,1862
9,I00074,1699
2,I00144,1758
5,I00191,1846
11,I00127,1815
3,I00175,1959
8,I00172,1985
12,I00070,2077
8,I00150,1926
8,I00018,1856
3,I00114,2034
11,I00023,1670
8,I00246,1978
11,I00030,1929
10,I00041,2045
10,I00169,2115
6,I00111,1781
7,I00120,2007
1,I00204,2026
8,I00111,1911
7,I00197,1822
12,I00217,1837
9,I00128,1947
7,I00169,1790
9,I00026,1949
6,I00135,1825
1,I00194,1986
12,I00040,2152
8,I00196,1879
8,I00127,2179
11,I00165,1730
3,I00024,1960
10,I00166,1899
2,I00240,1838
2,I00184,1756
11,I00027,1742
5,I00008,1898
9,I00044,1727
5,I00136,1863
7,I00043,1966
11,I00004,1924
12,I00207,1745
1,I00005,1869
4,I00235,1803
6,I00096,1730
2,I00001,1906
3,I00002,2000
3,I00123,2109
1,I00008,1858
3,I00150,2001
8,I00052,2016
9,I00001,1846
4,I00066,1897
8,I00229,2023
10,I00197,1710
12,I00160,1736
2,I00151,1767
11,I00076,2159
4,I00039,2035
10,I00086,1770
6,I00057,1627
1,I00165,1823
12,I00073,2031
8,I00064,1881
5,I00125,1805
7,I00136,1928
9,I00175,1649
4,I00145,2012
10,I00140,1918
9,I00063,1825
11,I00045,1881
7,I00195,1935
6,I00039,1893
4,I00150,1783
5,I00153,1905
11,I00080,1729
2,I00135,1489
1,I00043,1854
2,I00164,1699
12,I00050,2081
11,I00039,2002
7,I00124,1723
8,I00223,2024
4,I00012,1933
7,I00008,1794
6,I00237,1573
3,I00204,2058
8,I00148,1634
6,I00054,1897
10,I00209,1908
10,I00168,1786
12,I00163,1993
1,I00236,1943
10,I00201,1750
11,I00245,1636
2,I00013,1874
5,I00064,1882
5,I00164,1789
3,I00189,1997
8,I00101,2092
5,I00071,1915
7,I00026,1841
4,I00026,1909
5,I00264,1832
3,I00241,2070
12,I00144,2140
10,I00019,2100
12,I00159,1862
5,I00009,1833
10,I00191,1716
7,I00037,2027
1,I00155,1885
4,I00175,2026
8,I00115,1840
3,I00129,1782
8,I00025,2125
7,I00089,1908
2,I00033,1729
7,I00201,2127
11,I00224,1762
11,I00059,1880
4,I00119,1851
11,I00131,1827
6,I00126,1838
4,I00152,1942
9,I00193,1901
9,I00069,1878
1,I00216,1982
3,I00146,1808
4,I00225,1836
7,I00172,1874
7,I00027,2035
10,I00083,1886
2,I00034,1701
4,I00127,1660
4,I00169,1980
9,I00165,2068
12,I00082,1834
4,I00023,1788
5,I00195,1976
1,I00180,1997
8,I00026,2243
9,I00048,1905
6,I00071,1629
12,I00229,1829
7,I00132,1685
3,I00249,2057
4,I00104,1903
4,I00052,2005
12,I00264,1773
6,I00210,1863
9,I00006,1954
3,I00158,1877
3,I00248,2129
11,I00146,1654
6,I00061,1725
4,I00157,2025
10,I00164,1922
6,I00261,1853
12,I00188,1952
4,I00078,1919
5,I00158,1900
12,I00015,1879
9,I00102,1835
6,I00234,1885
5,I00065,1805
7,I00203,1626
10,I00193,2014
11,I00218,2018
6,I00101,1872
3,I00235,1862
2,I00247,1602
9,I00067,1761
8,I00062,1862
7,I00251,2080
8,I00070,1741
6,I00017,2038
5,I00083,2115
7,I00036,2002
3,I00230,2120
7,I00231,2194
10,I00105,1898
2,I00097,1668
1,I00141,1988
11,I00020,1796
4,I00044,1750
11,I00136,1857
3,I00066,2075
5,I00154,1833
3,I00209,2073
1,I00153,1883
10,I00242,2097
11,I00166,1950
9,I00230,1922
10,I00256,2170
3,I00137,1992
7,I00140,1854
1,I00030,1777
7,I00030,1961
7,I00134,1657
8,I00043,1772
7,I00141,1944
2,I00258,1919
12,I00224,1654
7,I00232,1941
12,I00130,1859
8,I00153,1863
11,I00240,1665
11,I00056,1780
7,I00196,2050
6,I00162,1787
4,I00196,1948
11,I00062,1763
8,I00255,1948
11,I00161,1605
8,I00033,1978
11,I00061,1816
9,I00099,2042
1,I00040,1953
2,I00042,1616
6,I00224,1626
12,I00044,1919
2,I00255,1993
5,I00161,2077
4,I00218,1876
8,I00041,1769
5,I00063,1842
1,I00028,1836
9,I00143,1898
12,I00243,1706
3,I00149,2003
4,I00241,1899
11,I00063,1932
5,I00013,1794
4,I00247,1912
11,I00140,1763
5,I00087,1891
10,I00264,1769
2,I00035,1978
6,I00125,1980
12,I00035,1850
10,I00148,1987
11,I00107,1616
8,I00068,2157
6,I00159,1987
10,I00217,1855
11,I00206,1839
10,I00101,2035
7,I00200,1998
3,I00098,1859
7,I00031,2070
12,I00071,1883
6,I00050,2007
2,I00007,1795
9,I00251,1868
9,I00014,1773
10,I00173,1692
2,I00261,1769
4,I00148,1827
12,I00002,1835
10,I00144,1857
3,I00236,2022
5,I00137,2165
6,I00182,1834
10,I00051,1721
4,I00193,1682
1,I00044,1732
2,I00087,1720
1,I00212,2001
10,I00263,1829
2,I00057,1931
6,I00083,1806
7,I00121,1806
3,I00071,1898
9,I00121,1938
5,I00221,1908
10,I00224,1982
1,I00156,2239
8,I00078,2001
12,I00056,1720
4,I00195,1843
11,I00017,1784
7,I00193,1885
11,I00057,1652
2,I00176,1868
11,I00155,1804
8,I00235,1935
6,I00189,1639
3,I00069,1817
4,I00025,1697
9,I00035,1989
7,I00023,2133
2,I00189,1633
3,I00124,2200
12,I00120,2104
3,I00035,2081
4,I00261,1694
3,I00202,2087
4,I00058,1672
3,I00252,1927
6,I00181,1782
8,I00098,1619
9,I00072,1898
5,I00007,1827
1,I00059,2072
8,I00027,1903
10,I00186,1747
9,I00140,1966
4,I00172,1989
10,I00172,1873
1,I00066,1677
10,I00198,1928
10,I00257,2054
6,I00128,1725
1,I00202,1936
1,I00098,1810
4,I00005,1808
1,I00134,2107
2,I00187,1945
7,I00041,1968
3,I00009,1986
8,I00090,1953
7,I00029,2013
5,I00016,1933
9,I00134,2067
6,I00206,1728
2,I00177,1570
8,I00012,1909
12,I00092,1828
6,I00119,1664
4,I00017,1999
11,I00060,1664
3,I00214,1779
6,I00219,1884
7,I00211,1797
12,I00183,1974
7,I00160,2093
5,I00077,2074
8,I00257,2196
5,I00239,2206
10,I00206,1764
3,I00012,2087
3,I00135,1951
5,I00051,2116
5,I00053,1938
7,I00046,1804
9,I00034,1980
8,I00185,1888
9,I00082,1875
4,I00146,1790
3,I00159,1832
12,I00227,1864
11,I00084,1693
7,I00210,1958
4,I00033,1810
2,I00199,1680
6,I00187,2019
10,I00149,1785
10,I00058,1854
11,I00145,1830
1,I00082,2115
10,I00004,1926
7,I00130,1930
5,I00074,1616
5,I00151,1869
10,I00106,1780
9,I00156,1870
4,I00031,1738
2,I00071,1553
11,I00052,1739
8,I00159,2160
6,I00122,2021
6,I00145,1760
9,I00225,1815
3,I00038,2289
6,I00115,1895
1,I00189,1934
2,I00031,1930
4,I00228,1895
6,I00103,1870
2,I00237,1680
2,I00051,1803
10,I00258,1829
7,I00204,2094
3,I00260,2043
9,I00218,1924
5,I00069,1812
8,I00045,2095
5,I00114,1809
7,I00214,1997
12,I00141,1888
5,I00206,1659
9,I00244,1799
6,I00134,1966
1,I00174,1924
4,I00024,1916
9,I00167,1739
2,I00077,1692
12,I00221,1767
8,I00067,1971
1,I00036,2256
10,I00234,2102
10,I00023,2089
12,I00136,1718
12,I00233,1836
5,I00139,1858
12,I00206,2022
10,I00199,1825
3,I00072,1836
3,I00178,2088
11,I00095,1691
3,I00245,1919
5,I00141,2075
12,I00250,2040
9,I00107,2003
12,I00149,1888
9,I00053,1828
1,I00185,1918
10,I00175,1867
5,I00185,2007
11,I00227,1941
6,I00172,1780
8,I00014,1994
12,I00212,1839
2,I00101,1654
2,I00238,1757
6,I00150,1977
9,I00065,1805
3,I00169,1675
8,I00178,1726
9,I00059,1703
5,I00261,1832
6,I00130,1788
3,I00062,2127
4,I00212,1927
3,I00226,1844
1,I00214,1820
2,I00090,1792
4,I00101,1819
5,I00200,1862
4,I00142,1642
5,I00210,1905
6,I00086,1665
2,I00032,1846
1,I00263,1914
7,I00063,1950
7,I00025,1872
3,I00212,1831
5,I00093,1738
10,I00117,1964
11,I00233,1766
8,I00251,1913
9,I00243,1806
8,I00206,2276
12,I00194,1692
5,I00155,1682
11,I00251,1970
3,I00017,1917
5,I00021,2008
4,I00083,1782
12,I00240,1883
12,I00083,2051
3,I00044,1897
5,I00067,1896
10,I00182,1860
6,I00217,1873
1,I00035,1973
1,I00209,2003
11,I00234,1900
4,I00051,1751
7,I00093,1851
3,I00216,2119
1,I00241,2094
8,I00037,1941
3,I00224,2029
3,I00084,1761
5,I00225,1780
1,I00001,1957
2,I00023,1606
12,I00172,2055
3,I00162,2229
9,I00018,1791
3,I00031,1889
11,I00130,2014
8,I00069,2073
4,I00246,2118
6,I00034,1761
3,I00199,2098
9,I00147,1925
6,I00216,2023
12,I00199,1991
5,I00175,1814
9,I00028,1717
10,I00121,1777
6,I00175,1634
3,I00197,1791
10,I00012,1820
6,I00089,1927
7,I00048,2043
12,I00112,1762
2,I00196,1767
5,I00018,1808
12,I00261,2172
10,I00049,1839
12,I00205,1781
2,I00154,1772
5,I00037,1921
1,I00129,1929
3,I00020,1844
7,I00150,1951
11,I00258,2090
3,I00238,1997
1,I00089,1989
12,I00057,1742
10,I00250,1931
4,I00008,2051
6,I00123,1765
2,I00111,1905
12,I00111,1825
8,I00137,1920
11,I00121,1823
10,I00180,1920
12,I00214,1787
5,I00144,1787
9,I00110,2020
9,I00250,1682
5,I00066,1965
9,I00254,1791
7,I00115,1801
12,I00208,1983
3,I00033,1956
9,I00126,1700
7,I00084,1704
9,I00205,1976
4,I00156,2037
5,I00219,1829
6,I00035,1793
5,I00262,1895
5,I00257,1811
5,I00110,2057
10,I00110,1851
3,I00063,1977
11,I00141,1868
2,I00011,1687
11,I00232,1999
8,I00225,1895
5,I00119,1989
9,I00232,1793
11,I00034,2020
4,I00010,2047
6,I00014,1719
3,I00257,1769
12,I00173,1808
8,I00015,2044
11,I00075,1577
11,I00115,1858
2,I00190,1815
5,I00256,2078
7,I00055,1826
11,I00182,1650
5,I00095,1779
3,I00105,2065
12,I00213,1854
11,I00261,1758
7,I00207,1826
10,I00001,1715
11,I00187,1895
6,I00118,1823
2,I00181,1886
8,I00123,1978
1,I00052,2055
4,I00001,1883
11,I00051,1990
3,I00255,1957
3,I00022,1926
5,I00092,1988
8,I00164,1876
7,I00194,2084
1,I00243,2130
5,I00094,1956
11,I00117,1910
4,I00136,1755
3,I00259,1957
4,I00160,2076
8,I00094,2002
7,I00039,1905
11,I00160,1954
4,I00097,1981
4,I00073,1981
12,I00077,2066
11,I00176,1891
10,I00090,1761
7,I00139,1834
8,I00023,1826
11,I00170,2004
1,I00227,1991
8,I00236,1950
5,I00215,1778
9,I00222,1973
9,I00239,1810
2,I00016,1898
2,I00226,1827
8,I00240,2012
3,I00142,2115
5,I00118,2013
8,I00155,1927
10,I00252,2068
7,I00212,2063
5,I00061,1950
6,I00102,1919
11,I00254,1786
11,I00078,1858
7,I00183,1989
10,I00053,1975
12,I00192,1885
1,I00065,1919
8,I00175,1887
11,I00148,1856
1,I00116,1875
4,I00007,2033
2,I00217,1850
2,I00062,1919
12,I00263,2256
12,I00115,1989
12,I00196,1863
7,I00098,1867
7,I00213,1899
8,I00247,1805
9,I00191,1946
8,I00258,1998
8,I00035,2004
4,I00229,2017
12,I00189,2048
1,I00254,2008
2,I00254,1976
10,I00231,1861
6,I00143,1807
9,I00187,1895
11,I00208,1806
3,I00165,2220
2,I00212,1633
9,I00036,1825
6,I00013,1853
10,I00157,1924
7,I00097,1758
8,I00151,2337
8,I00084,1829
1,I00201,2004
8,I00120,1793
1,I00264,2058
6,I00003,1814
5,I00028,2022
1,I00095,1981
8,I00038,1875
2,I00198,1828
6,I00025,1821
10,I00181,1851
8,I00128,1915
3,I00104,1851
9,I00127,1946
6,I00024,1687
10,I00261,1887
5,I00085,1934
3,I00120,1886
11,I00022,1839
5,I00025,1956
1,I00086,2014
3,I00240,1794
11,I00007,1599
5,I00010,2089
4,I00106,1710
1,I00102,1967
5,I00202,1744
4,I00238,1817
2,I00263,2073
9,I00157,1671
2,I00113,1861
2,I00068,1493
1,I00072,1890
9,I00080,1922
8,I00154,2022
9,I00166,2114
11,I00238,1849
1,I00023,1807
11,I00203,1766
7,I00261,2045
7,I00137,2040
9,I00240,1858
8,I00071,1787
12,I00094,1943
4,I00224,1966
8,I00165,1926
2,I00112,1847
2,I00005,1798
7,I00163,1999
8,I00259,2101
10,I00016,1768
2,I00257,1762
6,I00078,1720
2,I00022,1749
5,I00048,2106
5,I00030,1931
4,I00038,2008
1,I00064,1993
11,I00263,2003
5,I00172,2101
1,I00148,1856
9,I00162,1899
9,I00200,1819
5,I00259,1978
7,I00152,2152
10,I00139,1892
4,I00188,1810
1,I00208,2109
10,I00215,1971
4,I00205,1817
11,I00118,1679
5,I00205,1860
12,I00103,2053
1,I00260,2056
7,I00202,1993
1,I00114,1990
2,I00147,1669
8,I00202,1938
3,I00246,1914
4,I00015,2113
11,I00041,1959
11,I00102,1736
2,I00049,1889
2,I00243,1793
3,I00208,1759
10,I00064,1819
7,I00264,1853
10,I00007,1834
11,I00108,2037
6,I00255,1940
3,I00090,1822
3,I00045,2095
2,I00092,1615
11,I00137,2010
7,I00073,1874
6,I00028,1719
8,I00003,1849
4,I00190,1862
6,I00043,1847
2,I00128,1807
12,I00133,1973
5,I00183,1938
1,I00220,2125
6,I00031,1728
12,I00090,1924
4,I00123,1898
5,I00142,1753
3,I00195,2165
12,I00137,2038
10,I00228,1875
4,I00062,1750
4,I00200,1902
4,I00082,1704
8,I00022,2160
5,I00102,1736
12,I00108,1720
5,I00050,1795
12,I00078,2085
3,I00232,1911
1,I00206,1956
8,I00049,1852
5,I00213,1736
12,I00234,1804
10,I00042,2043
3,I00130,2021
9,I00154,1772
1,I00085,1623
10,I00028,1908
8,I00260,1659
10,I00080,2152
9,I00155,1750
9,I00008,1859
4,I00115,1763
6,I00110,1673
12,I00182,1881
8,I00131,2005
9,I00219,2034
10,I00097,1903
11,I00125,2117
2,I00021,1552
10,I00036,1895
6,I00113,1746
11,I00152,1854
7,I00156,1941
5,I00121,1991
12,I00225,2010
7,I00021,1968
12,I00143,2154
6,I00015,2074
6,I00152,1898
8,I00139,2001
12,I00106,1899
4,I00199,1827
2,I00178,1812
7,I00170,1814
11,I00124,1722
12,I00251,1767
9,I00137,1969
4,I00147,1593
3,I00015,1994
8,I00096,1877
7,I00249,1973
5,I00111,1830
8,I00180,1897
6,I00082,1829
11,I00177,1886
6,I00231,1865
6,I00092,1755
12,I00219,1684
7,I00061,1930
7,I00225,2060
10,I00100,1908
1,I00060,1979
3,I00250,2086
9,I00194,1854
8,I00072,1913
6,I00062,1774
7,I00050,1919
5,I00029,1960
6,I00029,1794
12,I00239,1974
10,I00132,1810
2,I00025,1893
3,I00133,1918
5,I00207,1905
10,I00161,1883
2,I00085,1766
11,I00213,1709
8,I00009,2016
8,I00192,2293
3,I00119,1791
11,I00003,2036
8,I00106,1860
10,I00221,1861
11,I00073,1918
1,I00080,2015
4,I00132,1889
8,I00040,1949
12,I00085,1919
5,I00091,1923
9,I00190,1904
6,I00094,1666
9,I00123,1932
9,I00112,1823
12,I00184,1815
12,I00047,1951
1,I00125,1785
9,I00213,1861
2,I00121,1950
12,I00086,1968
8,I00076,2018
1,I00090,1848
12,I00064,1917
6,I00176,1998
3,I00008,2153
1,I00103,1728
6,I00253,1716
12,I00126,1918
2,I00186,1625
7,I00181,1845
5,I00003,1688
2,I00143,1835
6,I00100,1692
8,I00007,1983
3,I00231,1959
5,I00230,2085
3,I00079,1892
6,I00036,1727
12,I00016,2071
5,I00128,1877
10,I00211,1940
2,I00040,1584
6,I00222,1703
1,I00094,2004
7,I00155,1924
4,I00151,1556
5,I00246,2002
12,I00260,1874
4,I00252,1824
1,I00160,1793
10,I00096,1804
5,I00198,1848
6,I00183,1778
2,I00058,1806
8,I00099,1933
7,I00245,2089
3,I00134,2078
6,I00027,1862
2,I00249,1903
7,I00135,1944
4,I00099,1827
6,I00056,1699
1,I00190,1827
3,I00218,1784
4,I00237,1736
9,I00214,2015
4,I00021,1708
6,I00208,1815
1,I00014,1728
3,I00194,2149
3,I00112,1950
8,I00195,1844
10,I00214,1722
12,I00168,1810
9,I00081,1874
7,I00002,1898
10,I00185,1969
9,I00071,1621
7,I00065,2013
6,I00097,1826
7,I00216,1876
5,I00045,1719
8,I00048,2028
7,I00224,2059
10,I00102,1849
8,I00034,2118
6,I00016,1817
8,I00063,1725
6,I00104,1656
12,I00156,1951
6,I00144,1929
11,I00236,1829
9,I00003,1797
4,I00061,1731
10,I00154,1879
4,I00216,2002
5,I00233,1804
1,I00262,2009
6,I00095,1731
12,I00238,2003
9,I00017,1823
4,I00046,1747
3,I00074,1982
2,I00169,1770
11,I00221,1906
8,I00050,1937
1,I00093,1784
12,I00255,1990
10,I00022,1837
8,I00080,1969
7,I00145,1833
9,I00196,1613
5,I00180,1680
12,I00019,2201
1,I00137,1843
4,I00171,1722
5,I00084,1878
6,I00170,2028
12,I00181,1951
5,I00226,2088
9,I00182,1880
10,I00109,1818
7,I00218,1915
4,I00130,1823
8,I00162,1820
10,I00183,1908
8,I00181,1942
11,I00202,1771
5,I00090,2065
3,I00028,2103
9,I00129,1974
9,I00077,1857
2,I00027,1726
11,I00228,1868
8,I00135,1975
9,I00158,1659
4,I00207,1846
4,I00163,1898
12,I00128,1870
10,I00207,1924
1,I00130,1834
9,I00054,1854
1,I00002,2194
11,I00159,1888
6,I00114,1839
3,I00087,1887
2,I00003,1745
4,I00154,1952
9,I00188,1943
6,I00005,1724
4,I00002,1551
5,I00135,1915
8,I00187,1935
6,I00169,1893
4,I00064,1640
5,I00249,2038
7,I00019,2182
2,I00069,1619
7,I00079,1891
8,I00232,1973
12,I00124,1728
9,I00062,1822
11,I00255,1714
8,I00160,1857
6,I00131,1888
11,I00223,1715
12,I00150,1814
12,I00170,1833
12,I00161,1838
9,I00198,2027
7,I00013,1837
11,I00239,1635
3,I00095,1737
3,I00174,1786
12,I00063,1801
9,I00192,1851
1,I00099,1857
10,I00085,1985
12,I00223,2014
6,I00209,1805
9,I00136,1737
5,I00027,2028
11,I00048,1781
9,I00064,1935
11,I00237,1990
5,I00231,2088
5,I00014,1887
6,I00090,1782
5,I00243,1743
7,I00038,1950
8,I00253,1647
7,I00123,1978
9,I00186,2011
5,I00088,1758
6,I00239,1877
4,I00192,1900
10,I00087,1988
4,I00072,1840
6,I00098,1745
7,I00083,1782
12,I00011,1974
12,I00237,1952
11,I00173,1951
4,I00028,1919
12,I00039,1837
7,I00260,1841
2,I00203,1728
7,I00042,1738
4,I00080,2007
6,I00155,1965
12,I00014,1753
9,I00130,1953
5,I00052,1869
4,I00243,1675
1,I00012,1771
1,I00207,1835
3,I00166,1931
3,I00263,1867
7,I00223,1874
12,I00048,2393
3,I00088,1723
7,I00090,2018
11,I00018,2065
4,I00111,1949
11,I00144,1877
8,I00204,1761
3,I00126,2189
2,I00222,1660
6,I00146,1823
2,I00084,1788
7,I00112,2157
4,I00185,1706
5,I00059,1918
11,I00149,1728
4,I00096,1925
9,I00057,1846
12,I00054,1959
4,I00043,1976
8,I00243,1987
8,I00065,2079
10,I00155,1876
11,I00222,1795
7,I00072,1960
9,I00058,1807
7,I00167,1625
4,I00085,1827
5,I00212,1975
12,I00142,1623
2,I00055,1692
2,I00131,1722
10,I00178,2015
2,I00185,1876
8,I00161,1860
4,I00125,2123
9,I00104,1784
9,I00176,2003
10,I00202,1774
10,I00187,1637
12,I00117,1853
1,I00006,2092
2,I00124,1834
4,I00214,1752
6,I00178,1760
8,I00134,1912
11,I00055,2164
1,I00234,2138
11,I00112,1875
10,I00233,1729
1,I00223,1867
3,I00161,1871
3,I00023,1830
9,I00207,1709
11,I00100,1780
7,I00240,1936
10,I00038,1786
11,I00150,1860
10,I00230,1798
1,I00187,2008
12,I00109,2184
9,I00242,2085
8,I00092,1711
2,I00019,1519
7,I00018,1795
8,I00226,1906
8,I00199,1759
9,I00021,2063
1,I00250,2016
2,I00030,1767
2,I00188,1685
12,I00051,1890
2,I00253,1698
2,I00126,1766
8,I00107,1922
11,I00246,1962
5,I00197,2016
12,I00132,2057
12,I00089,2064
5,I00149,2151
10,I00165,1786
8,I00103,1940
4,I00067,1804
4,I00006,1981
12,I00166,1827
9,I00039,2041
10,I00259,1723
1,I00075,1936
11,I00191,1861
4,I00253,1834
11,I00167,1570
4,I00239,1984
6,I00142,1873
3,I00115,2006
2,I00175,1842
3,I00151,1820
7,I00033,1908
4,I00129,1963
9,I00041,1928
8,I00042,1835
9,I00160,1725
11,I00196,2128
7,I00127,2058
4,I00256,2052
10,I00170,1829
2,I00100,1755
5,I00115,1804
2,I00110,1606
7,I00187,1855
11,I00092,1743
2,I00259,1645
9,I00181,1666
11,I00111,1806
6,I00200,2070
7,I00107,2103
8,I00118,1940
4,I00055,1833
4,I00053,2019
8,I00149,1927
12,I00079,2016
12,I00228,2092
3,I00050,2130
2,I00127,1853
4,I00170,1953
2,I00119,1784
6,I00068,1683
4,I00013,1973
7,I00250,1908
7,I00077,2058
4,I00164,1916
8,I00170,2002
9,I00203,1864
5,I00138,1780
10,I00184,2038
9,I00169,1786
1,I00038,2064
9,I00083,1918
1,I00049,1753
7,I00096,1960
6,I00226,1874
7,I00028,1896
2,I00228,1629
4,I00221,1793
3,I00125,1764
8,I00136,1761
11,I00031,1889
7,I00158,2129
10,I00078,1845
4,I00155,1910
12,I00248,1961
4,I00231,1838
12,I00249,1823
1,I00182,2081
9,I00248,1910
12,I00179,1917
3,I00073,1983
4,I00022,1940
5,I00167,2112
11,I00028,1788
4,I00249,1806
11,I00068,1806
12,I00075,2030
10,I00122,1909
3,I00004,1875
2,I00134,1860
12,I00076,1769
7,I00252,2185
3,I00203,2158
11,I00185,1818
1,I00245,1799
6,I00138,1813
4,I00210,1661
1,I00179,1932
9,I00227,1984
4,I00242,1784
4,I00091,1792
9,I00144,2177
8,I00132,1797
10,I00238,1993
10,I00141,1899
4,I00054,1976
8,I00263,1681
11,I00129,1996
3,I00089,1983
5,I00060,1808
8,I00122,1969
11,I00072,1788
9,I00206,1608
6,I00127,1828
11,I00012,2085
5,I00100,2003
11,I00192,2009
10,I00134,1752
12,I00096,1830
2,I00081,1604
1,I00021,2013
11,I00085,2048
5,I00176,1791
7,I00215,1893
9,I00195,1829
9,I00210,1878
12,I00031,1867
1,I00215,1947
4,I00128,1952
10,I00094,1875
1,I00106,2004
11,I00197,1774
8,I00189,1790
6,I00116,2122
11,I00103,1790
6,I00087,1647
11,I00098,1672
5,I00047,1950
12,I00236,1835
3,I00157,1819
7,I00222,1835
9,I00100,1831
9,I00221,2077
9,I00247,1976
1,I00041,1978
3,I00052,1855
1,I00054,2136
7,I00189,1897
7,I00166,2061
6,I00010,1881
10,I00059,1920
5,I00190,1844
11,I00135,1918
8,I00046,1837
1,I00077,1878
4,I00098,1918
11,I00235,1842
6,I00168,1592
3,I00198,2093
2,I00148,1723
11,I00083,1715
4,I00213,1687
4,I00102,1698
9,I00047,1948
9,I00050,1690
3,I00225,1720
10,I00125,2119
1,I00016,2207
5,I00062,1969
4,I00079,1815
12,I00242,1952
11,I00053,1826
4,I00230,1947
5,I00204,1950
5,I00078,1839
12,I00138,2141
6,I00233,1874
1,I00139,1943
4,I00090,2033
3,I00196,1834
4,I00257,1929
10,I00066,1882
9,I00256,1829
2,I00037,1862
5,I00223,1972
5,I00031,1819
3,I00007,1757
12,I00153,1794
6,I00148,1820
11,I00010,1872
4,I00201,2136
2,I00214,1802
3,I00102,2058
6,I00048,1697
8,I00228,1989
4,I00020,2052
12,I00158,1735
3,I00053,1892
8,I00209,1954
4,I00248,1815
5,I00068,1926
2,I00182,1749
3,I00223,2063
6,I00137,1780
5,I00162,1966
1,I00025,2157
7,I00175,1943
12,I00258,1815
7,I00100,2096
10,I00025,2006
1,I00011,2015
6,I00228,2021
3,I00056,1696
10,I00069,1880
2,I00137,1694
2,I00138,1610
4,I00040,1859
1,I00171,1669
1,I00229,1966
8,I00133,2019
5,I00148,1844
6,I00012,1804
9,I00092,1883
6,I00244,1799
4,I00137,1772
1,I00239,1933
3,I00237,1859
11,I00184,1867
4,I00134,2046
6,I00105,1924
1,I00045,1872
9,I00052,1800
8,I00039,1976
5,I00178,2111
12,I00104,2116
10,I00235,1831
4,I00187,1930
1,I00218,1877
6,I00204,1831
9,I00105,1943
12,I00114,1820
2,I00109,1792
8,I00244,1882
1,I00257,1743
8,I00176,2092
8,I00212,1952
6,I00229,1739
1,I00231,2007
4,I00068,1727
3,I00081,1925
6,I00198,1658
6,I00232,1880
11,I00119,1866
9,I00142,1747
4,I00086,2051
7,I00176,2183
8,I00171,1877
8,I00105,1937
5,I00263,1994
9,I00258,1843
12,I00066,2026
1,I00203,1890
3,I00140,2023
3,I00037,2055
1,I00172,1986
12,I00200,2111
3,I00113,1892
7,I00064,1777
6,I00009,1848
8,I00053,1885
3,I00034,1950
5,I00129,2098
9,I00091,1751
10,I00017,1898
7,I00179,1871
2,I00136,1656
1,I00158,1951
11,I00079,1940
12,I00247,2006
1,I00061,1992
10,I00212,2123
4,I00208,1896
4,I00159,1696
5,I00106,2031
6,I00021,1642
12,I00001,1768
11,I00005,1928
7,I00228,1830
5,I00169,1986
11,I00001,1747
2,I00141,1804
2,I00036,2024
5,I00107,1775
12,I00191,1910
3,I00171,1849
12,I00165,1977
10,I00089,1988
4,I00168,1971
10,I00081,1976
6,I00064,1877
6,I00173,1982
10,I00143,1858
1,I00138,1867
6,I00107,1941
8,I00117,1849
11,I00139,1717
6,I00040,1940
1,I00219,1768
6,I00235,1931
12,I00034,2028
9,I00015,2057
11,I00071,2036
12,I00139,1807
9,I00204,1778
3,I00036,1948
3,I00064,1929
12,I00049,2051
1,I00091,1838
4,I00074,2020
7,I00118,1794
4,I00158,1883
3,I00026,1974
6,I00004,1667
11,I00006,2000
9,I00019,1805
2,I00163,1741
6,I00243,1683
11,I00122,1873
10,I00082,1923
8,I00224,1889
12,I00022,1821
5,I00005,1918
2,I00096,1891
9,I00117,1890
4,I00004,1862
3,I00163,1963
11,I00088,1711
10,I00225,1860
9,I00087,2046
4,I00259,1848
4,I00211,1852
6,I00203,1774
4,I00092,1872
1,I00159,1940
6,I00256,2033
4,I00019,1926
2,I00006,1804
2,I00105,1810
5,I00086,1860
9,I00031,1777
7,I00258,2011
4,I00209,1987
12,I00216,2116
4,I00037,2019
7,I00253,1795
5,I00227,1930
12,I00045,1986
2,I00162,1755
7,I00003,1917
7,I00057,1929
3,I00181,2019
5,I00057,1978
7,I00128,1981
12,I00176,2065
8,I00188,1932
12,I00167,1867
11,I00025,1793
8,I00001,1985
1,I00147,1993
8,I00088,1978
11,I00093,1937
4,I00107,2015
2,I00208,1675
8,I00205,2044
10,I00179,2075
10,I00189,1896
3,I00049,1843
9,I00178,1938
12,I00259,1683
5,I00038,1997
10,I00227,1658
5,I00004,1860
10,I00043,1770
11,I00021,1933
2,I00166,1504
11,I00046,1919
6,I00044,1815
2,I00251,1866
3,I00096,2033
6,I00245,1803
5,I00163,1859
11,I00050,1753
1,I00157,2019
2,I00053,1665
3,I00097,2070
6,I00046,1848
6,I00042,1949
1,I00183,1971
8,I00144,1933
9,I00043,1949
10,I00137,1907
2,I00088,1704
8,I00116,2070
1,I00251,1755
10,I00071,1713
9,I00216,2110
7,I00116,1920
3,I00191,1808
5,I00113,2064
4,I00084,1808
10,I00114,1995
12,I00187,1896
3,I00042,1810
3,I00217,1872
6,I00190,1695
5,I00186,2045
1,I00046,2051
9,I00045,1996
11,I00077,1776
11,I00151,1773
6,I00022,1718
10,I00067,1918
10,I00070,1907
11,I00043,1682
4,I00075,1856
11,I00047,1897
4,I00141,2060
11,I00036,1899
2,I00083,1613
12,I00006,1882
3,I00188,2053
7,I00080,2114
3,I00070,1701
7,I00088,1902
12,I00211,2069
10,I00239,1912
2,I00193,1714
5,I00157,2004
9,I00145,1946
1,I00115,1973
7,I00024,1955
11,I00064,1830
11,I00262,2006
11,I00220,1836
9,I00011,1925
3,I00154,2002
2,I00116,1693
11,I00094,1938
6,I00262,1835
7,I00161,1860
9,I00120,2043
10,I00244,1784
1,I00003,1939
12,I00244,1962
4,I00166,1807
1,I00192,2084
12,I00204,2072
2,I00004,1739
9,I00084,1812
9,I00109,1850
10,I00027,1884
12,I00099,1811
1,I00178,1949
1,I00107,2103
2,I00115,1808
8,I00121,1881
9,I00260,1813
11,I00097,1755
6,I00171,1901
6,I00052,1829
10,I00222,1950
7,I00010,1825
7,I00016,2039
7,I00246,1814
8,I00031,2002
6,I00129,1885
11,I00219,2119
4,I00184,1795
4,I00088,1672
2,I00080,1992
11,I00090,1874
7,I00133,1910
5,I00070,2077
7,I00051,2180
5,I00224,2011
1,I00235,2005
11,I00157,1873
6,I00073,1844
12,I00210,1724
3,I00221,1947
9,I00241,1878
9,I00118,1881
9,I00037,1808
8,I00011,1818
9,I00124,1917
12,I00037,1828
4,I00016,1682
11,I00250,1769
5,I00120,2141
2,I00158,1877
8,I00215,1663
11,I00193,1791
6,I00252,1956
12,I00058,1942
1,I00067,2153
11,I00215,1650
7,I00143,1850
2,I00221,1778
2,I00183,1831
11,I00243,1729
12,I00226,2135
7,I00131,1926
12,I00121,2228
5,I00131,1655
5,I00150,1980
9,I00115,1889
5,I00043,1976
8,I00200,2067
3,I00243,1963
7,I00117,1903
4,I00109,1941
8,I00245,1566
2,I00145,1813
11,I00104,1831
4,I00087,1942
7,I00006,1998
10,I00203,2017
1,I00084,2048
7,I00007,1925
6,I00108,1867
7,I00185,1893
5,I00247,2104
12,I00231,1973
11,I00033,1967
9,I00004,1646
11,I00091,1964
4,I00182,1951
9,I00068,1824
9,I00066,1706
3,I00251,1892
2,I00130,1652
10,I00255,1904
9,I00233,1689
7,I00199,1923
8,I00138,2075
11,I00065,1842
8,I00169,1947
10,I00033,1945
11,I00024,1805
3,I00192,1800
12,I00169,2115
9,I00148,1862
4,I00077,1968
3,I00222,1803
2,I00159,1708
11,I00014,1709
2,I00038,2030
12,I00003,2266
1,I00256,1956
6,I00080,1849
2,I00161,1805
9,I00149,1968
1,I00123,1895
2,I00234,1796
10,I00127,1839
8,I00059,2109
2,I00202,1734
10,I00065,1952
7,I00147,2179
5,I00177,1920
12,I00100,2035
2,I00029,1780
12,I00033,2085
12,I00262,1838
10,I00219,1777
3,I00055,1862
12,I00028,1820
12,I00107,1951
5,I00189,2001
7,I00242,2048
10,I00131,1903
10,I00124,1787
2,I00220,1782
2,I00073,1671
1,I00213,1998
6,I00163,1721
7,I00060,2006
7,I00174,1957
11,I00249,1736
5,I00020,1957
3,I00153,2099
6,I00149,1843
11,I00259,2173
11,I00126,1669
8,I00146,2000
5,I00159,2067
3,I00043,1963
4,I00108,1773
7,I00091,1770
10,I00118,1835
4,I00255,1763
10,I00034,1810
8,I00114,1900
8,I00093,1930
1,I00188,1833
10,I00150,2001
7,I00015,1679
2,I00046,1612
7,I00092,2002
10,I00079,1874
8,I00077,1973
10,I00073,1930
11,I00008,1837
12,I00008,1972
3,I00200,2113
5,I00255,1944
8,I00058,2047
2,I00059,1555
8,I00220,1839
5,I00236,1772
12,I00012,1957
6,I00153,1786
9,I00189,1819
2,I00095,1775
9,I00146,1862
4,I00133,1631
4,I00197,1843
6,I00072,1643
1,I00078,1760
11,I00204,1818
12,I00148,1935
2,I00139,1884
4,I00050,2100
6,I00197,1852
5,I00254,1730
1,I00197,1838
7,I00009,1619
8,I00191,1949
1,I00175,1963
9,I00027,1957
8,I00075,1773
10,I00262,1999
5,I00124,2023
9,I00174,1859
4,I00095,1846
5,I00079,2045
6,I00240,1739
2,I00089,1828
6,I00247,1703
9,I00060,1739
8,I00163,1774
2,I00060,2056
10,I00240,2163
3,I00025,2087
7,I00034,2136
6,I00199,1810
8,I00087,1838
9,I00093,1788
3,I00141,2170
10,I00220,1799
6,I00007,1909
8,I00124,1836
1,I00057,1866
12,I00154,1983
1,I00131,1790
8,I00030,1992
12,I00257,1744
6,I00263,1717
7,I00227,1878
2,I00218,1621
5,I00252,1904
8,I00190,2095
7,I00049,1959
2,I00168,1737
12,I00042,1760
7,I00074,1921
10,I00006,2007
9,I00161,1947
5,I00130,1955
6,I00063,1788
3,I00100,1866
7,I00056,1794
9,I00113,1861
1,I00032,1909
10,I00174,1826
8,I00051,1996
1,I00013,1852
3,I00183,2174
5,I00044,1834
11,I00190,1876
11,I00032,1985
2,I00028,1852
3,I00233,1994
7,I00071,1875
7,I00230,2099
10,I00210,1970
4,I00124,1642
3,I00108,1808
3,I00170,1996
7,I00144,1945
12,I00013,1884
10,I00021,2167
2,I00250,1756
5,I00040,1860
5,I00199,1951
2,I00223,1701
1,I00019,2090
7,I00255,1977
3,I00014,1722
1,I00200,2089
6,I00156,1660
11,I00035,2009
3,I00179,2000
9,I00119,1851
1,I00210,2057
10,I00218,1931
10,I00152,1915
5,I00238,1854
8,I00061,1957
4,I00167,1661
1,I00063,2055
3,I00092,2032
3,I00027,1940
9,I00029,1990
6,I00059,1910
6,I00212,1807
8,I00167,1982
4,I00117,1698
1,I00024,1911
10,I00002,1797
7,I00220,1878
9,I00180,1696
8,I00074,1826
5,I00143,1974
11,I00264,1970
12,I00218,1978
1,I00140,2101
10,I00018,1909
5,I00097,1756
1,I00205,1968
1,I00121,1704
11,I00210,2027
1,I00166,1803
11,I00133,1919
7,I00094,1808
9,I00139,1765
7,I00040,2028
6,I00065,1899
7,I00122,1713
8,I00182,2034
12,I00080,1948
4,I00234,1780
8,I00249,1906
5,I00201,1730
12,I00038,1909
9,I00040,2051
2,I00074,1694
7,I00168,1874
11,I00110,1786
12,I00105,1919
4,I00014,2008
9,I00055,1730
8,I00256,1899
2,I00039,1717
10,I00204,1949
10,I00226,1831
6,I00258,2071
9,I00151,1885
1,I00105,1959
5,I00122,2114
2,I00167,1958
1,I00163,2008
1,I00058,2013
5,I00033,1767
7,I00186,1860
2,I00002,1693
2,I00063,1583
7,I00154,2088
11,I00142,2027
8,I00261,2098
2,I00129,1771
9,I00172,1764
1,I00056,2080
2,I00160,1917
8,I00002,1836
10,I00229,1836
6,I00077,1858
12,I00101,2106
12,I00241,1919
2,I00048,1757
4,I00060,1921
6,I00030,1675
3,I00176,2013
1,I00237,1822
6,I00241,1947
7,I00192,1838
12,I00195,1838
4,I00165,1918
5,I00174,1843
7,I00178,1834
1,I00017,2082
5,I00041,1746
3,I00047,1944
1,I00070,1868
1,I00228,2089
7,I00106,2026
12,I00069,1922
12,I00017,1800
11,I00158,1910
5,I00229,1807
9,I00197,1910
4,I00233,1969
3,I00215,2178
1,I00122,1980
12,I00067,1961
5,I00006,1899
9,I00042,1968
12,I00193,1920
4,I00183,2048
3,I00057,1945
8,I00174,1786
11,I00256,1768
7,I00146,1963
12,I00102,1773
11,I00143,1864
6,I00196,1700
7,I00059,1935
10,I00151,1801
10,I00167,1985
5,I00220,2033
11,I00120,1945
1,I00015,2125
3,I00156,2100
3,I00086,1960
2,I00012,1739
11,I00147,1942
3,I00099,2256
3,I00106,2108
6,I00215,1803
8,I00130,1645
12,I00116,1832
1,I00051,2157
12,I00215,1735
4,I00045,1801
4,I00217,1841
4,I00162,1789
1,I00029,2093
5,I00194,1937
1,I00076,1815
2,I00204,1814
10,I00251,1955
1,I00246,1721
9,I00229,1898
10,I00113,1631
7,I00235,1976
5,I00036,1938
11,I00175,1696
8,I00083,1812
3,I00018,1921
2,I00133,1713
7,I00149,2106
7,I00190,1960
10,I00133,1981
1,I00149,2040
7,I00148,1999
8,I00126,1983
6,I00066,1721
10,I00147,1945
1,I00230,2058
4,I00105,1930
12,I00036,1994
7,I00171,2013
10,I00010,1755
8,I00152,2073
2,I00156,1752
5,I00075,1888
3,I00016,1843
12,I00246,1799
9,I00094,1997
9,I00049,1798
1,I00020,2050
6,I00213,2039
7,I00054,1849
1,I00079,1924
10,I00015,1868
12,I00020,1871
2,I00210,1906
1,I00127,1834
5,I00203,1934
12,I00043,1876
5,I00193,1978
1,I00222,1967
9,I00030,1810
9,I00032,1767
10,I00162,2024
8,I00097,1964
1,I00071,2133
12,I00209,1919
8,I00036,1878
9,I00016,2218
10,I00008,1936
7,I00259,1969
5,I00072,1767
4,I00027,1969
1,I00151,2116
5,I00012,2010
8,I00019,1923
10,I00003,1862
8,I00016,1936
12,I00041,2152
3,I00048,1956
8,I00264,1999
5,I00133,1864
1,I00083,2002
9,I00220,1996
6,I00174,1719
8,I00143,1953
5,I00228,2032
12,I00027,1801
6,I00191,1941
6,I00151,1939
3,I00144,1874
5,I00182,1599
11,I00181,1796
11,I00253,2109
9,I00013,1741
2,I00099,1995
10,I00115,1929
2,I00142,1582
7,I00095,1913
2,I00150,1743
11,I00214,1934
6,I00133,1936
6,I00070,1717
2,I00098,1679
9,I00217,1866
3,I00180,1863
10,I00159,2010
9,I00168,1897
2,I00024,1818
2,I00209,1796
6,I00179,2030
2,I00079,1534
3,I00080,1971
5,I00023,1795
9,I00141,1991
3,I00229,2010
11,I00229,1933
2,I00104,1898
2,I00229,1942
6,I00227,1907
10,I00142,2033
2,I00149,2009
10,I00119,1903
3,I00184,1846
12,I00061,1899
7,I00157,2024
6,I00238,1902
11,I00123,1884
11,I00257,1909
9,I00025,1975
2,I00264,1778
11,I00209,1924
3,I00234,1904
9,I00132,1826
9,I00106,1677
5,I00134,1849
6,I00157,1692
6,I00091,1735
5,I00181,1821
11,I00081,2029
6,I00074,1896
1,I00118,1914
3,I00094,1913
10,I00035,1905
12,I00140,1921
5,I00237,2045
12,I00175,2146
6,I00161,1744
2,I00242,1726
8,I00054,2154
8,I00109,1769
12,I00097,1756
1,I00055,2186
8,I00230,2138
12,I00025,1975
5,I00099,1782
5,I00039,1798
4,I00071,1855
4,I00118,2064
10,I00103,1976
10,I00052,1726
11,I00066,1810
2,I00086,1842
8,I00119,1878
10,I00093,2000
2,I00152,1816
2,I00232,1990
3,I00127,1957
12,I00004,1840
10,I00098,1957
3,I00077,2282
12,I00254,1880
9,I00249,1677
7,I00226,1996
10,I00084,2071
3,I00155,1951
3,I00190,1949
6,I00081,1907
2,I00227,1728
6,I00020,1707
1,I00112,1897
6,I00158,1909
2,I00213,1555
3,I00262,1852
11,I00029,1788
12,I00091,2078
1,I00224,1888
2,I00107,1842
5,I00109,1818
6,I00167,1991
11,I00070,1869
10,I00260,1860
5,I00179,1759
6,I00236,1723
7,I00047,1908
3,I00219,1794
7,I00126,1749
9,I00223,1911
7,I00001,1919
11,I00089,1876
9,I00085,2038
6,I00184,1856
8,I00238,1786
3,I00122,2023
5,I00042,1772
1,I00152,1912
4,I00194,1893
7,I00044,1809
2,I00044,1603
10,I00014,1827
7,I00114,1813
2,I00211,1539
9,I00086,1779
3,I00132,2001
9,I00231,1783
1,I00087,1977
2,I00146,1726
11,I00082,2039
8,I00193,2027
8,I00239,1814
3,I00186,1897
9,I00095,1966
1,I00110,1921
2,I00132,1859
8,I00194,2018
5,I00187,1778
7,I00208,2034
12,I00178,1933
10,I00063,2206
11,I00164,1825
11,I00252,1826
1,I00027,1950
5,I00105,2153
7,I00052,1712
9,I00125,2037
12,I00157,1981
7,I00035,1882
1,I00113,1855
9,I00177,1978
11,I00116,1760
2,I00015,1793
8,I00216,1950
11,I00015,1641
1,I00191,2049
7,I00198,1873
4,I00140,2005
2,I00070,1704
4,I00258,1965
3,I00193,2011
8,I00222,1814
12,I00253,1931
7,I00138,1908
5,I00116,1970
5,I00126,1866
9,I00075,1793
12,I00055,2082
9,I00073,1878
10,I00112,2032
12,I00146,2106
4,I00120,1710
7,I00081,1795
8,I00168,2007
9,I00070,1867
9,I00228,1728
8,I00213,2114
1,I00101,1853
11,I00069,1632
9,I00076,1828
1,I00143,2032
1,I00252,1954
5,I00166,2199
9,I00255,1910
11,I00248,1949
10,I00074,1888
9,I00116,1683
8,I00250,1658
4,I00065,1920
9,I00170,1685
3,I00210,1633
10,I00205,2240
11,I00216,1733
2,I00052,1874
1,I00244,2087
12,I00072,1956
2,I00117,1770
1,I00247,1707
7,I00164,1782
11,I00230,1928
3,I00001,2016
8,I00241,1890
7,I00053,1838
5,I00222,2019
4,I00144,1679
3,I00227,1903
6,I00205,1877
9,I00012,2182
11,I00086,1941
11,I00037,1755
2,I00236,1655
1,I00053,2020
4,I00161,2066
9,I00164,2014
1,I00042,1861
10,I00246,1943
4,I00030,1940
3,I00172,1836
12,I00021,1975
10,I00046,1733
8,I00203,1888
1,I00150,2075
12,I00162,1790
8,I00242,1939
11,I00241,1773
12,I00060,1995
4,I00056,1865
1,I00198,1910
5,I00184,1883
7,I00011,1794
1,I00128,1816
1,I00026,1952
12,I00059,2010
6,I00069,1811
9,I00252,1942
6,I00242,1852
6,I00223,1920
9,I00235,1854
6,I00166,1829
2,I00094,1676
4,I00202,1909
10,I00249,1828
5,I00098,1914
8,I00104,2038
1,I00022,1766
11,I00178,1864
10,I00020,2155
7,I00221,2123
8,I00207,2021
5,I00108,1872
10,I00075,1976
11,I00134,1710
10,I00195,1825
10,I00039,1941
4,I00250,2034
9,I00089,1835
8,I00047,1903
3,I00143,1907
1,I00145,2073
11,I00099,1614
12,I00068,1985
1,I00144,1864
5,I00127,2012
10,I00223,1919
11,I00113,1825
5,I00103,1821
12,I00151,2122
9,I00215,1985
8,I00221,1995
3,I00011,1793
1,I00142,1976
7,I00045,2173
9,I00245,1861
8,I00056,1778
1,I00161,2009
10,I00095,1784
2,I00172,1954
2,I00224,1928
10,I00026,1952
8,I00028,1788
2,I00207,1699
1,I00217,1908
3,I00103,2038
1,I00050,1997
11,I00171,1744
4,I00036,1978
2,I00235,1760
7,I00022,2008
7,I00191,1998
1,I00211,2094
9,I00199,1760
7,I00209,1858
10,I00068,1738
9,I00246,1668
11,I00067,2014
12,I00123,1919
7,I00234,1794
6,I00033,1977
4,I00198,1744
2,I00174,1766
1,I00092,2023
3,I00206,1920
8,I00157,1924
2,I00065,1978
2,I00064,1660
1,I00258,1887
3,I00083,2068
5,I00188,2018
1,I00096,2131
2,I00076,1780
5,I00117,1890
2,I00179,1806
2,I00230,1691
12,I00245,1917
3,I00128,2049
4,I00048,1783
4,I00116,1985
9,I00007,1885
4,I00189,1836
2,I00082,1697
11,I00156,1905
7,I00014,2070
10,I00129,1906
8,I00032,1717
6,I00249,1821
5,I00171,1869
9,I00096,2074
8,I00004,1993
3,I00032,1914
5,I00089,1844
12,I00081,2115
12,I00118,1934
9,I00185,1766
11,I00105,1781
11,I00128,1824
12,I00171,1936
6,I00164,1865
6,I00246,1863
4,I00236,1956
11,I00186,1708
7,I00262,1948
10,I00024,2011
3,I00207,2047
2,I00171,1799
10,I00030,1827
3,I00173,2065
2,I00106,1585
2,I00225,1860
5,I00235,1880
5,I00022,1797
4,I00260,1852
8,I00010,1948
2,I00233,1816
10,I00171,1896
10,I00099,1856
11,I00183,1824
6,I00099,1615
4,I00226,1787
5,I00146,1856
4,I00059,2085
12,I00029,1618
4,I00041,1861
12,I00065,1864
8,I00158,2025
2,I00122,1730
7,I00110,1929
1,I00068,1835
12,I00032,2128
4,I00264,1944
3,I00177,2013
5,I00056,2024
9,I00010,2070
5,I00123,2070
4,I00203,1754
6,I00060,1716
7,I00085,2084
7,I00162,1892
6,I00201,1862
5,I00253,2183
4,I00244,1831
6,I00180,1835
6,I00260,1849
7,I00067,2011
1,I00111,1990
4,I00081,2090
6,I00177,1786
11,I00168,1654
1,I00018,2169
12,I00201,1673
8,I00184,1825
9,I00261,1772
4,I00181,1893
11,I00231,1963
5,I00214,1887
6,I00076,1871
5,I00147,2027
1,I00007,1970
8,I00013,2032
4,I00011,2006
7,I00105,1962
7,I00078,1980
10,I00062,1782
11,I00101,2120
5,I00081,1762
7,I00119,2159
8,I00021,2005
4,I00174,1832
8,I00227,1947
5,I00101,1882
3,I00160,2051
10,I00054,1942
3,I00258,2108
5,I00015,1734
4,I00069,1948
3,I00019,1935
11,I00087,1890
9,I00236,1824
6,I00117,1864
7,I00153,1740
3,I00040,1727
6,I00140,1601
3,I00010,1806
6,I00001,1621
7,I00159,1984
2,I00260,1711
7,I00125,1964
11,I00074,1901
9,I00108,1741
1,I00004,1882
11,I00200,1832
11,I00205,1687
3,I00244,2011
4,I00149,1830
10,I00037,1648
3,I00054,1885
6,I00032,1803
9,I00138,1663
3,I00091,1940
8,I00008,1812
11,I00138,1631
2,I00102,1704
8,I00055,1724
2,I00091,1724
12,I00252,1786
3,I00242,2033
2,I00056,1908
10,I00005,1833
4,I00122,1899
8,I00020,1964
12,I00053,2144
9,I00098,1887
10,I00135,1798
4,I00032,1945
10,I00060,1942
6,I00047,1898
3,I00013,1959
8,I00208,1801
10,I00190,1699
1,I00170,1942
1,I00033,2125
8,I00095,2034
1,I00232,1784
4,I00094,1996
6,I00264,1959
2,I00140,1862
11,I00189,2037
3,I00131,1752
5,I00082,1921
11,I00212,2023
9,I00079,1924
3,I00060,2150
8,I00262,1761
8,I00233,1773
10,I00160,1926
2,I00072,1599
1,I00104,2131
3,I00152,2213
5,I00112,1878
5,I00011,1769
12,,507954
3,,516063
11,,488480
8,,510406
10,,499788
7,,511664
9,,492984
1,,516849
5,,504721
4,,497252
2,,466243
6,,481455
,I00101,23043
,I00182,22093
,I00237,22477
,I00085,22706
,I00004,22310
,I00154,22892
,I00218,22353
,I00060,22921
,I00061,22148
,I00200,23503
,I00156,23238
,I00166,23019
,I00198,22265
,I00049,22417
,I00137,23130
,I00073,23013
,I00117,22669
,I00037,22949
,I00211,22744
,I00040,22835
,I00193,22521
,I00022,22453
,I00133,22937
,I00094,22774
,I00207,22228
,I00221,22787
,I00028,22368
,I00052,22257
,I00069,22121
,I00091,22251
,I00196,22579
,I00129,23238
,I00120,23012
,I00199,22617
,I00253,23027
,I00176,23847
,I00213,22083
,I00241,23108
,I00251,22611
,I00228,22896
,I00235,22743
,I00184,22420
,I00194,23317
,I00187,22728
,I00169,22758
,I00225,22639
,I00076,23077
,I00219,22303
,I00005,22381
,I00127,22865
,I00135,22220
,I00035,23526
,I00247,22790
,I00121,23103
,I00075,22237
,I00245,22058
,I00192,22645
,I00027,22797
,I00018,22952
,I00097,22055
,I00032,22868
,I00155,22410
,I00183,22959
,I00107,23119
,I00062,22941
,I00188,23196
,I00030,22542
,I00010,23011
,I00264,22757
,I00064,22140
,I00059,22992
,I00036,23364
,I00159,22965
,I00092,22487
,I00146,22185
,I00088,21896
,I00026,23115
,I00206,22306
,I00095,22094
,I00134,23060
,I00038,23396
,I00068,22313
,I00128,22528
,I00015,23001
,I00249,22776
,I00113,22480
,I00262,22648
,I00031,22442
,I00144,22820
,I00102,22271
,I00215,22255
,I00246,22425
,I00252,23217
,I00172,23020
,I00020,22852
,I00240,22588
,I00210,22558
,I00244,22913
,I00055,22985
,I00254,22886
,I00231,22860
,I00066,22537
,I00236,22229
,I00149,23278
,I00153,21532
,I00180,22247
,I00034,23656
,I00054,23076
,I00096,23034
,I00181,22269
,I00139,22896
,I00123,23220
,I00220,22635
,I00148,22286
,I00078,22972
,I00089,23205
,I00140,22832
,I00070,22332
,I00081,22825
,I00202,22437
,I00185,22520
,I00087,22466
,I00229,23187
,I00174,21742
,I00126,22267
,I00178,22896
,I00046,22254
,I00171,21970
,I00255,23136
,I00100,22736
,I00232,23319
,I00115,22555
,I00160,22831
,I00161,22565
,I00216,23566
,I00083,22550
,I00009,22326
,I00044,21910
,I00170,23061
,I00056,22263
,I00151,22890
,I00204,23033
,I00256,22881
,I00257,22442
,I00042,22044
,I00108,22436
,I00045,23181
,I00141,23471
,I00090,22718
,I00136,22147
,I00118,22813
,I00063,22789
,I00079,22547
,I00053,22967
,I00212,22888
,I00007,22319
,I00012,23059
,I00116,22325
,I00065,23179
,I00226,22707
,I00002,22183
,I00084,21983
,I00222,22518
,I00013,22408
,I00093,22022
,I00167,22177
,I00130,22143
,I00189,22527
,I00016,23172
,I00142,22151
,I00158,22799
,I00260,22405
,I00263,23444
,I00029,22771
,I00131,21934
,I00214,22223
,I00124,22167
,I00230,23789
,I00163,22768
,I00233,22081
,I00098,21695
,I00195,22400
,I00086,22553
,I00077,23428
,I00165,23026
,I00250,22948
,I00175,22426
,I00238,22779
,I00017,22803
,I00048,23366
,I00177,22868
,I00248,23007
,I00143,22779
,I00147,22718
,I00150,23104
,I00074,22428
,I00157,22584
,I00039,23355
,I00203,22199
,I00190,22539
,I00114,22448
,I00110,22509
,I00223,22801
,I00111,22545
,I00043,22552
,I00106,22364
,I00145,23025
,I00003,22852
,I00109,22941
,I00104,23003
,I00080,23605
,I00208,22658
,I00105,23281
,I00099,22457
,I00033,23080
,I00201,22421
,I00132,22132
,I00164,22247
,I00205,23050
,I00112,23244
,I00021,23044
,I00047,23266
,I00243,22213
,I00191,22830
,I00227,22312
,I00234,22938
,I00008,22973
,I00006,23488
,I00186,22235
,I00025,23357
,I00057,22540
,I00011,22103
,I00122,23026
,I00217,22707
,I00239,22715
,I00152,23440
,I00258,23526
,I00103,22456
,I00041,23067
,I00082,22939
,I00023,22010
,I00179,22865
,I00197,21900
,I00024,23029
,I00168,22321
,I00050,23145
,I00019,23657
,I00259,22655
,I00071,21898
,I00125,23558
,I00138,22368
,I00014,22109
,I00162,22965
,I00058,22720
,I00067,22951
,I00119,22698
,I00001,22132
,I00224,22779
,I00072,21789
,I00261,22692
,I00173,22893
,I00209,22783
,I00242,23412
,I00051,23321
